<?xml version="1.0" encoding="UTF-8"?>
<project-private xmlns="http://www.netbeans.org/ns/project-private/1">
    <editor-bookmarks xmlns="http://www.netbeans.org/ns/editor-bookmarks/2" lastBookmarkId="0"/>
    <open-files xmlns="http://www.netbeans.org/ns/projectui-open-files/2">
        <group>
            <file>file:/D:/Programming/Java/CCE/Java_-_Glass_Bridge_Game/Java%20-%20Glass%20Bridge%20Game/Glass_Stepping_Stones/src/glass_stepping_stones/images/cracks.png</file>
            <file>file:/D:/Programming/Java/CCE/Java_-_Glass_Bridge_Game/Java%20-%20Glass%20Bridge%20Game/Glass_Stepping_Stones/src/glass_stepping_stones/images/foot-steps.png</file>
            <file>file:/D:/Programming/Java/CCE/Java_-_Glass_Bridge_Game/Java%20-%20Glass%20Bridge%20Game/Glass_Stepping_Stones/src/glass_stepping_stones/images/no-steps.png</file>
            <file>file:/D:/Programming/Java/CCE/Java_-_Glass_Bridge_Game/Java%20-%20Glass%20Bridge%20Game/Glass_Stepping_Stones/src/glass_stepping_stones/Game_Form.java</file>
        </group>
    </open-files>
</project-private>
